renner,cq,rank,team,cq_naam
Pogačar Tadej,5078,1,UAE Team Emirates - XRG,POGACAR Tadej
Vingegaard Jonas,3947,2,Team Visma | Lease a Bike,VINGEGAARD HANSEN Jonas
del Toro Isaac,3189,3,UAE Team Emirates - XRG,DEL TORO ROMERO Isaac
Evenepoel Remco,2228,4,Red Bull - BORA - hansgrohe,EVENEPOEL Remco
Philipsen Jasper,1613,7,Alpecin - Premier Tech,PHILIPSEN Jasper
Seixas Paul,1601,8,Decathlon CMA CGM Team,SEIXAS Paul
Lipowitz Florian,1460,10,Red Bull - BORA - hansgrohe,LIPOWITZ Florian
Grégoire Romain,1446,12,Groupama - FDJ United,GREGOIRE Romain
van der Poel Mathieu,1379,13,Alpecin - Premier Tech,VAN DER POEL Mathieu
Schmid Mauro,1320,15,Team Jayco AlUla,SCHMID Mauro
Johannessen Tobias Halland,1229,18,Uno-X Mobility,JOHANNESSEN Tobias Halland
Mcnulty Brandon,1180,19,UAE Team Emirates - XRG,MCNULTY Brandon
Martinez Lenny,1176,20,Bahrain - Victorious,MARTINEZ Lenny
Skjelmose Mattias,1119,23,Lidl - Trek,SKJELMOSE JENSEN Mattias
Pedersen Mads,1109,24,Lidl - Trek,PEDERSEN Mads
Godon Dorian,1096,25,Netcompany INEOS,GODON Dorian
Arensman Thymen,1021,28,Netcompany INEOS,ARENSMAN Thymen
Izagirre Ion,957,31,Cofidis,IZAGIRRE INSAUSTI Ion
Hindley Jai,924,33,Red Bull - BORA - hansgrohe,HINDLEY Jai
Bernal Egan,913,34,Netcompany INEOS,BERNAL GOMEZ Egan Arley
Jorgenson Matteo,866,37,Team Visma | Lease a Bike,JORGENSON Matteo
Ayuso Juan,862,39,Lidl - Trek,AYUSO PESQUERA Juan
Merlier Tim,857,41,Soudal Quick-Step,MERLIER Tim
Uijtdebroeks Cian,851,43,Movistar Team,UIJTDEBROEKS Cian
Healy Ben,839,45,EF Education - EasyPost,HEALY Ben
Storer Michael,832,47,Tudor Pro Cycling Team,STORER Michael
Riccitello Matthew,830,48,Decathlon CMA CGM Team,RICCITELLO Matthew
Girmay Biniam,805,52,NSN Cycling Team,GIRMAY HAILU Biniam
Baudin Alex,787,55,EF Education - EasyPost,BAUDIN Alex
Yates Adam,785,56,UAE Team Emirates - XRG,YATES Adam
Tiberi Antonio,778,58,Bahrain - Victorious,TIBERI Antonio
Bittner Pavel,708,63,Team Picnic PostNL,BITTNER Pavel
Vauquelin Kévin,681,66,Netcompany INEOS,VAUQUELIN Kévin
Stuyven Jasper,676,68,Soudal Quick-Step,STUYVEN Jasper
Trentin Matteo,667,70,Tudor Pro Cycling Team,TRENTIN Matteo
Kooij Olav,637,73,Decathlon CMA CGM Team,KOOIJ Olav
Piganzoli Davide,634,74,Team Visma | Lease a Bike,PIGANZOLI Davide
Wright Fred,630,76,Pinarello Q36.5 Pro Cycling Team,WRIGHT Fred
Delettre Alexandre,627,77,TotalEnergies,DELETTRE Alexandre
Jegat Jordan,610,78,TotalEnergies,JEGAT Jordan
Ganna Filippo,603,79,Netcompany INEOS,GANNA Filippo
O'connor Ben,601,81,Team Jayco AlUla,O'CONNOR Ben
Abrahamsen Jonas,594,83,Uno-X Mobility,ABRAHAMSEN Jonas
Kuss Sepp,581,84,Team Visma | Lease a Bike,KUSS Sepp
Tejada Harold,580,85,XDS Astana Team,TEJADA CANACUE Harold Alfonso
Hermans Quinten,559,91,Pinarello Q36.5 Pro Cycling Team,HERMANS Quinten
Simmons Quinn,559,92,Lidl - Trek,SIMMONS Quinn
Alaphilippe Julian,556,93,Tudor Pro Cycling Team,ALAPHILIPPE Julian
Vermeersch Florian,550,95,UAE Team Emirates - XRG,VERMEERSCH Florian
Carapaz Richard,544,97,EF Education - EasyPost,CARAPAZ MONTENEGRO Richard Antonio
Kanter Max,507,105,XDS Astana Team,KANTER Max
van Wilder Ilan,506,106,Soudal Quick-Step,VAN WILDER Ilan
Gee-west Derek,505,107,Lidl - Trek,GEE-WEST Derek
Wellens Tim,503,109,UAE Team Emirates - XRG,WELLENS Tim
Berckmoes Jenno,495,113,Lotto Intermarché,BERCKMOES Jenno
Hirschi Marc,488,114,Tudor Pro Cycling Team,HIRSCHI Marc
Costiou Ewen,488,115,Groupama - FDJ United,COSTIOU Ewen
Turgis Anthony,479,117,TotalEnergies,TURGIS Anthony
Higuita Sergio,479,118,XDS Astana Team,HIGUITA GARCIA Sergio Andres
Paret-peintre Valentin,469,124,Soudal Quick-Step,PARET PEINTRE Valentin
Vacek Mathias,467,125,Lidl - Trek,VACEK Mathias
Skujiņš Toms,466,126,Lidl - Trek,SKUJINS Toms
Askey Lewis,463,128,NSN Cycling Team,ASKEY Lewis
Berwick Sebastian,443,134,Caja Rural - Seguros RGA,BERWICK Sebastian
Matthews Michael,439,135,Team Jayco AlUla,MATTHEWS Michael
Voisard Yannis,432,137,Tudor Pro Cycling Team,VOISARD Yannis
Charmig Anthon,429,138,Uno-X Mobility,CHARMIG Anthon
Delbove Joris,422,140,TotalEnergies,DELBOVE Joris
Zimmermann Georg,419,141,Lotto Intermarché,ZIMMERMANN Georg
Engelhardt Felix,376,158,Team Jayco AlUla,ENGELHARDT Felix
Prodhomme Nicolas,374,160,Decathlon CMA CGM Team,PRODHOMME Nicolas
Fretin Milan,372,163,Cofidis,FRETIN Milan
Teunissen Mike,367,165,XDS Astana Team,TEUNISSEN Mike
Velasco Simone,364,166,XDS Astana Team,VELASCO Simone
Armirail Bruno,364,167,Team Visma | Lease a Bike,ARMIRAIL Bruno
Frigo Marco,343,172,NSN Cycling Team,FRIGO Marco
Mohorič Matej,338,175,Bahrain - Victorious,MOHORIC Matej
Ballerini Davide,322,189,XDS Astana Team,BALLERINI Davide
Paret-peintre Aurélien,319,190,Decathlon CMA CGM Team,PARET PEINTRE Aurélien
García Pierna Raúl,318,191,Movistar Team,GARCIA PIERNA Raul
Valgren Michael,316,192,EF Education - EasyPost,VALGREN HUNDAHL Michael
Martin Guillaume,307,196,Groupama - FDJ United,MARTIN GUYONNET Guillaume
Thomas Benjamin,306,199,Cofidis,THOMAS Benjamin
Pluimers Rick,303,202,Tudor Pro Cycling Team,PLUIMERS Rick
Politt Nils,300,210,UAE Team Emirates - XRG,POLITT Nils
Hagenes Per Strand,298,213,Team Visma | Lease a Bike,HAGENES Per Strand
Braz Afonso Clément,295,215,Groupama - FDJ United,BRAZ AFONSO Clément
Cepeda Jefferson Alveiro,281,230,Movistar Team,CEPEDA HERNANDEZ Jefferson Alveiro
Caruso Damiano,280,231,Bahrain - Victorious,CARUSO Damiano
Johannessen Anders Halland,280,232,Uno-X Mobility,JOHANNESSEN Anders Halland
Meurisse Xandro,279,235,Pinarello Q36.5 Pro Cycling Team,MEURISSE Xandro
Steinhauser Georg,279,237,EF Education - EasyPost,STEINHAUSER Georg
Verstrynge Emiel,274,243,Alpecin - Premier Tech,VERSTRYNGE Emiel
Cort Magnus,273,244,Uno-X Mobility,CORT NIELSEN Magnus
Biesterbos Frits,271,246,Team Picnic PostNL,BIESTERBOS Frits
Benoot Tiesj,270,247,Decathlon CMA CGM Team,BENOOT Tiesj
Harper Chris,268,251,Pinarello Q36.5 Pro Cycling Team,HARPER Chris
Biermans Jenthe,260,255,Cofidis,BIERMANS Jenthe
Parra José Félix,257,257,Caja Rural - Seguros RGA,PARRA CUERDA Jose Felix
van Gils Maxim,253,264,Red Bull - BORA - hansgrohe,VAN GILS Maxim
van Dijke Tim,251,270,Red Bull - BORA - hansgrohe,VAN DIJKE Tim
Romo Javier,249,274,Movistar Team,ROMO OLIVER Javier
Vercher Mattéo,248,275,TotalEnergies,VERCHER Matteo
Foss Tobias,244,280,Netcompany INEOS,FOSS Tobias Svendsen
Slock Liam,240,288,Lotto Intermarché,SLOCK Liam
Castrillo Pablo,235,295,Movistar Team,CASTRILLO ZAPATER Pablo
Breuillard Nicolas,233,298,TotalEnergies,BREUILLARD Nicolas
de Kleijn Arvid,232,300,Tudor Pro Cycling Team,DE KLEIJN Arvid
Bennett George,227,306,NSN Cycling Team,BENNETT George
van Moer Brent,223,315,Pinarello Q36.5 Pro Cycling Team,VAN MOER Brent
Nicolau Joel,220,319,Caja Rural - Seguros RGA,NICOLAU BELTRAN Joel
van den Broek Frank,218,323,Team Picnic PostNL,VAN DEN BROEK Frank
Debruyne Ramses,209,342,Alpecin - Premier Tech,DEBRUYNE Ramses
Campenaerts Victor,205,348,Team Visma | Lease a Bike,CAMPENAERTS Victor
Balderstone Abel,203,351,Caja Rural - Seguros RGA,BALDERSTONE ROUMENS Abel
Bauhaus Phil,202,353,Bahrain - Victorious,BAUHAUS Phil
Ackermann Pascal,202,354,Team Jayco AlUla,ACKERMANN Pascal
Tarling Joshua,194,367,Netcompany INEOS,TARLING Joshua
van Eetvelt Lennert,193,370,Lotto Intermarché,VAN EETVELT Lennert
Gate Aaron,188,378,XDS Astana Team,GATE Aaron
Eenkhoorn Pascal,186,380,Soudal Quick-Step,EENKHOORN Pascal
Rubio Einer,181,389,Movistar Team,RUBIO REYES Einer Augusto
Vervaeke Louis,180,392,Soudal Quick-Step,VERVAEKE Louis
Gaviria Fernando,178,396,Caja Rural - Seguros RGA,GAVIRIA RENDON Fernando
Bol Cees,172,409,Decathlon CMA CGM Team,BOL Cees
Oldani Stefano,170,417,Caja Rural - Seguros RGA,OLDANI Stefano
Cattaneo Mattia,168,422,Red Bull - BORA - hansgrohe,CATTANEO Mattia
Hoole Daan,168,424,Decathlon CMA CGM Team,HOOLE Daan
Asgreen Kasper,167,426,EF Education - EasyPost,ASGREEN Kasper
Neilands Krists,165,431,NSN Cycling Team,NEILANDS Krists
Le Berre Mathis,163,433,TotalEnergies,LE BERRE Mathis
Artz Huub,160,441,Lotto Intermarché,ARTZ Huub
Rickaert Jonas,155,447,Alpecin - Premier Tech,RICKAERT Jonas
van Baarle Dylan,154,450,Soudal Quick-Step,VAN BAARLE Dylan
van Mechelen Vlad,149,465,Bahrain - Victorious,VAN MECHELEN Vlad
Haller Marco,148,467,Tudor Pro Cycling Team,HALLER Marco
Louvel Matis,147,473,NSN Cycling Team,LOUVEL Matîs
Skaarseth Anders,137,494,Uno-X Mobility,SKAARSETH Anders
