"renner";"bc";"rank";"team";"bc_naam"
"Pogačar Tadej";"5000";"1";"UAE Team Emirates - XRG";"Tadej Pogačar"
"del Toro Isaac";"3562,5";"3";"UAE Team Emirates - XRG";"Isaac del Toro"
"Großschartner Felix";"625";"36";"UAE Team Emirates - XRG";"Felix Großschartner"
"Mcnulty Brandon";"625";"37";"UAE Team Emirates - XRG";"Brandon Mcnulty"
"Politt Nils";"625";"39";"UAE Team Emirates - XRG";"Nils Politt"
"Vermeersch Florian";"625";"40";"UAE Team Emirates - XRG";"Florian Vermeersch"
"Wellens Tim";"781,25";"25";"UAE Team Emirates - XRG";"Tim Wellens"
"Yates Adam";"1937,5";"11";"UAE Team Emirates - XRG";"Adam Yates"
"Vingegaard Jonas";"4531,25";"2";"Team Visma | Lease a Bike";"Jonas Vingegaard"
"Affini Edoardo";"234,375";"49";"Team Visma | Lease a Bike";"Edoardo Affini"
"Armirail Bruno";"234,375";"50";"Team Visma | Lease a Bike";"Bruno Armirail"
"Campenaerts Victor";"234,375";"52";"Team Visma | Lease a Bike";"Victor Campenaerts"
"Hagenes Per Strand";"234,375";"54";"Team Visma | Lease a Bike";"Per Strand Hagenes"
"Jorgenson Matteo";"1625";"13";"Team Visma | Lease a Bike";"Matteo Jorgenson"
"Kuss Sepp";"312,5";"47";"Team Visma | Lease a Bike";"Sepp Kuss"
"Piganzoli Davide";"812,5";"23";"Team Visma | Lease a Bike";"Davide Piganzoli"
"Evenepoel Remco";"2437,5";"9";"Red Bull - BORA - hansgrohe";"Remco Evenepoel"
"Cattaneo Mattia";"156,25";"82";"Red Bull - BORA - hansgrohe";"Mattia Cattaneo"
"Denz Nico";"156,25";"93";"Red Bull - BORA - hansgrohe";"Nico Denz"
"Hindley Jai";"234,375";"55";"Red Bull - BORA - hansgrohe";"Jai Hindley"
"Lipowitz Florian";"2593,75";"6";"Red Bull - BORA - hansgrohe";"Florian Lipowitz"
"Tratnik Jan";"156,25";"158";"Red Bull - BORA - hansgrohe";"Jan Tratnik"
"van Dijke Tim";"156,25";"167";"Red Bull - BORA - hansgrohe";"Tim van Dijke"
"van Gils Maxim";"234,375";"58";"Red Bull - BORA - hansgrohe";"Maxim van Gils"
"Ayuso Juan";"2437,5";"8";"Lidl - Trek";"Juan Ayuso"
"Gee-west Derek";"156,25";"103";"Lidl - Trek";"Derek Gee-west"
"Pedersen Mads";"2593,75";"7";"Lidl - Trek";"Mads Pedersen"
"Simmons Quinn";"156,25";"145";"Lidl - Trek";"Quinn Simmons"
"Skjelmose Mattias";"734,375";"29";"Lidl - Trek";"Mattias Skjelmose"
"Skujiņš Toms";"156,25";"147";"Lidl - Trek";"Toms Skujiņš"
"Vacek Mathias";"156,25";"161";"Lidl - Trek";"Mathias Vacek"
"Verona Carlos";"156,25";"176";"Lidl - Trek";"Carlos Verona"
"Carapaz Richard";"968,75";"16";"EF Education - EasyPost";"Richard Carapaz"
"Asgreen Kasper";"156,25";"63";"EF Education - EasyPost";"Kasper Asgreen"
"Baudin Alex";"156,25";"69";"EF Education - EasyPost";"Alex Baudin"
"Healy Ben";"812,5";"21";"EF Education - EasyPost";"Ben Healy"
"Quinn Sean";"156,25";"140";"EF Education - EasyPost";"Sean Quinn"
"Steinhauser Georg";"156,25";"150";"EF Education - EasyPost";"Georg Steinhauser"
"Valgren Michael";"156,25";"162";"EF Education - EasyPost";"Michael Valgren"
"Walker Max";"156,25";"181";"EF Education - EasyPost";"Max Walker"
"Seixas Paul";"2906,25";"5";"Decathlon CMA CGM Team";"Paul Seixas"
"Benoot Tiesj";"156,25";"71";"Decathlon CMA CGM Team";"Tiesj Benoot"
"Bol Cees";"156,25";"77";"Decathlon CMA CGM Team";"Cees Bol"
"Hoole Daan";"156,25";"113";"Decathlon CMA CGM Team";"Daan Hoole"
"Kooij Olav";"1781,25";"12";"Decathlon CMA CGM Team";"Olav Kooij"
"Paret-peintre Aurélien";"156,25";"135";"Decathlon CMA CGM Team";"Aurélien Paret-peintre"
"Prodhomme Nicolas";"656,25";"32";"Decathlon CMA CGM Team";"Nicolas Prodhomme"
"Riccitello Matthew";"734,375";"27";"Decathlon CMA CGM Team";"Matthew Riccitello"
"Higuita Sergio";"156,25";"111";"XDS Astana Team";"Sergio Higuita"
"Ballerini Davide";"156,25";"67";"XDS Astana Team";"Davide Ballerini"
"Gate Aaron";"156,25";"102";"XDS Astana Team";"Aaron Gate"
"Kanter Max";"312,5";"46";"XDS Astana Team";"Max Kanter"
"Tejada Harold";"156,25";"154";"XDS Astana Team";"Harold Tejada"
"Teunissen Mike";"156,25";"155";"XDS Astana Team";"Mike Teunissen"
"Velasco Simone";"156,25";"174";"XDS Astana Team";"Simone Velasco"
"Vinokurov Nicolas";"156,25";"179";"XDS Astana Team";"Nicolas Vinokurov"
"Martinez Lenny";"812,5";"22";"Bahrain - Victorious";"Lenny Martinez"
"Bauhaus Phil";"312,5";"43";"Bahrain - Victorious";"Phil Bauhaus"
"Caruso Damiano";"156,25";"80";"Bahrain - Victorious";"Damiano Caruso"
"Gradek Kamil";"156,25";"105";"Bahrain - Victorious";"Kamil Gradek"
"Mohorič Matej";"156,25";"126";"Bahrain - Victorious";"Matej Mohorič"
"Stannard Robert";"156,25";"149";"Bahrain - Victorious";"Robert Stannard"
"Tiberi Antonio";"812,5";"24";"Bahrain - Victorious";"Antonio Tiberi"
"van Mechelen Vlad";"156,25";"170";"Bahrain - Victorious";"Vlad van Mechelen"
"Bernal Egan";"234,375";"51";"Netcompany INEOS";"Egan Bernal"
"Arensman Thymen";"812,5";"19";"Netcompany INEOS";"Thymen Arensman"
"Foss Tobias";"156,25";"99";"Netcompany INEOS";"Tobias Foss"
"Ganna Filippo";"234,375";"53";"Netcompany INEOS";"Filippo Ganna"
"Godon Dorian";"312,5";"45";"Netcompany INEOS";"Dorian Godon"
"Kwiatkowski Michał";"156,25";"118";"Netcompany INEOS";"Michał Kwiatkowski"
"Tarling Joshua";"156,25";"153";"Netcompany INEOS";"Joshua Tarling"
"Vauquelin Kévin";"1625";"15";"Netcompany INEOS";"Kévin Vauquelin"
"Merlier Tim";"2437,5";"10";"Soudal Quick-Step";"Tim Merlier"
"Eenkhoorn Pascal";"156,25";"97";"Soudal Quick-Step";"Pascal Eenkhoorn"
"Paret-peintre Valentin";"656,25";"31";"Soudal Quick-Step";"Valentin Paret-peintre"
"Stuyven Jasper";"656,25";"33";"Soudal Quick-Step";"Jasper Stuyven"
"van Baarle Dylan";"156,25";"164";"Soudal Quick-Step";"Dylan van Baarle"
"van Lerberghe Bert";"156,25";"169";"Soudal Quick-Step";"Bert van Lerberghe"
"van Wilder Ilan";"156,25";"172";"Soudal Quick-Step";"Ilan van Wilder"
"Vervaeke Louis";"156,25";"178";"Soudal Quick-Step";"Louis Vervaeke"
"van der Poel Mathieu";"1625";"14";"Alpecin - Premier Tech";"Mathieu van der Poel"
"Debruyne Ramses";"156,25";"89";"Alpecin - Premier Tech";"Ramses Debruyne"
"Dillier Silvan";"156,25";"95";"Alpecin - Premier Tech";"Silvan Dillier"
"Marsman Tim";"156,25";"122";"Alpecin - Premier Tech";"Tim Marsman"
"Philipsen Jasper";"3250";"4";"Alpecin - Premier Tech";"Jasper Philipsen"
"Planckaert Edward";"156,25";"137";"Alpecin - Premier Tech";"Edward Planckaert"
"Rickaert Jonas";"156,25";"141";"Alpecin - Premier Tech";"Jonas Rickaert"
"Verstrynge Emiel";"156,25";"177";"Alpecin - Premier Tech";"Emiel Verstrynge"
"O'connor Ben";"234,375";"57";"Team Jayco AlUla";"Ben O'connor"
"Ackermann Pascal";"312,5";"42";"Team Jayco AlUla";"Pascal Ackermann"
"Durbridge Luke";"156,25";"96";"Team Jayco AlUla";"Luke Durbridge"
"Engelhardt Felix";"156,25";"98";"Team Jayco AlUla";"Felix Engelhardt"
"Matthews Michael";"156,25";"124";"Team Jayco AlUla";"Michael Matthews"
"O'brien Kelland (OTL #4)";"156,25";"129";"Team Jayco AlUla";"Kelland O'brien"
"Plapp Luke";"156,25";"138";"Team Jayco AlUla";"Luke Plapp"
"Schmid Mauro";"734,375";"28";"Team Jayco AlUla";"Mauro Schmid"
"Johannessen Tobias Halland";"968,75";"18";"Uno-X Mobility";"Tobias Halland Johannessen"
"Abrahamsen Jonas";"656,25";"30";"Uno-X Mobility";"Jonas Abrahamsen"
"Charmig Anthon";"156,25";"84";"Uno-X Mobility";"Anthon Charmig"
"Cort Magnus";"156,25";"85";"Uno-X Mobility";"Magnus Cort"
"Johannessen Anders Halland";"156,25";"116";"Uno-X Mobility";"Anders Halland Johannessen"
"Skaarseth Anders";"156,25";"146";"Uno-X Mobility";"Anders Skaarseth"
"Træen Torstein";"156,25";"157";"Uno-X Mobility";"Torstein Træen"
"Wærenskjold Søren";"312,5";"48";"Uno-X Mobility";"Søren Wærenskjold"
"Girmay Biniam";"625";"35";"NSN Cycling Team";"Biniam Girmay"
"Askey Lewis";"156,25";"64";"NSN Cycling Team";"Lewis Askey"
"Bennett George";"156,25";"70";"NSN Cycling Team";"George Bennett"
"Frigo Marco";"156,25";"100";"NSN Cycling Team";"Marco Frigo"
"Louvel Matis";"156,25";"120";"NSN Cycling Team";"Matis Louvel"
"Neilands Krists";"156,25";"127";"NSN Cycling Team";"Krists Neilands"
"Stewart Jake";"156,25";"151";"NSN Cycling Team";"Jake Stewart"
"van Asbroeck Tom";"156,25";"163";"NSN Cycling Team";"Tom van Asbroeck"
"Uijtdebroeks Cian";"656,25";"34";"Movistar Team";"Cian Uijtdebroeks"
"Castrillo Pablo";"156,25";"81";"Movistar Team";"Pablo Castrillo"
"Cepeda Jefferson Alveiro";"156,25";"83";"Movistar Team";"Jefferson Alveiro Cepeda"
"García Pierna Raúl";"156,25";"101";"Movistar Team";"Pierna Raúl García"
"Hessmann Michel";"156,25";"110";"Movistar Team";"Michel Hessmann"
"Oliveira Nelson";"156,25";"131";"Movistar Team";"Nelson Oliveira"
"Romo Javier";"156,25";"142";"Movistar Team";"Javier Romo"
"Rubio Einer";"156,25";"143";"Movistar Team";"Einer Rubio"
"de Lie Arnaud (DNF #3)";"345";"41";"Lotto Intermarché";"Arnaud de Lie"
"Artz Huub";"156,25";"62";"Lotto Intermarché";"Huub Artz"
"Berckmoes Jenno";"156,25";"72";"Lotto Intermarché";"Jenno Berckmoes"
"Craps Lars";"156,25";"87";"Lotto Intermarché";"Lars Craps"
"Slock Liam";"156,25";"148";"Lotto Intermarché";"Liam Slock"
"van Eetvelt Lennert";"156,25";"168";"Lotto Intermarché";"Lennert van Eetvelt"
"Veistroffer Baptiste";"156,25";"173";"Lotto Intermarché";"Baptiste Veistroffer"
"Zimmermann Georg";"156,25";"183";"Lotto Intermarché";"Georg Zimmermann"
"Izagirre Ion";"156,25";"115";"Cofidis";"Ion Izagirre"
"Allegaert Piet";"156,25";"60";"Cofidis";"Piet Allegaert"
"Aranburu Alex";"156,25";"61";"Cofidis";"Alex Aranburu"
"Biermans Jenthe";"156,25";"75";"Cofidis";"Jenthe Biermans"
"Fretin Milan";"968,75";"17";"Cofidis";"Milan Fretin"
"Kirsch Alex";"156,25";"117";"Cofidis";"Alex Kirsch"
"Page Hugo";"156,25";"134";"Cofidis";"Hugo Page"
"Thomas Benjamin";"156,25";"156";"Cofidis";"Benjamin Thomas"
"Pidcock Tom";"625";"38";"Pinarello Q36.5 Pro Cycling Team";"Tom Pidcock"
"Azparren Xabier Mikel";"156,25";"65";"Pinarello Q36.5 Pro Cycling Team";"Xabier Mikel Azparren"
"Harper Chris";"156,25";"108";"Pinarello Q36.5 Pro Cycling Team";"Chris Harper"
"Hermans Quinten";"156,25";"109";"Pinarello Q36.5 Pro Cycling Team";"Quinten Hermans"
"Howson Damien";"156,25";"114";"Pinarello Q36.5 Pro Cycling Team";"Damien Howson"
"Meurisse Xandro";"156,25";"125";"Pinarello Q36.5 Pro Cycling Team";"Xandro Meurisse"
"van Moer Brent";"156,25";"171";"Pinarello Q36.5 Pro Cycling Team";"Brent van Moer"
"Wright Fred";"156,25";"182";"Pinarello Q36.5 Pro Cycling Team";"Fred Wright"
"Grégoire Romain";"734,375";"26";"Groupama - FDJ United";"Romain Grégoire"
"Berthet Clément (DNS #2)";"156,25";"73";"Groupama - FDJ United";"Clément Berthet"
"Braz Afonso Clément";"156,25";"78";"Groupama - FDJ United";"Afonso Clément Braz"
"Costiou Ewen";"156,25";"86";"Groupama - FDJ United";"Ewen Costiou"
"Germani Lorenzo";"156,25";"104";"Groupama - FDJ United";"Lorenzo Germani"
"Martin Guillaume";"156,25";"123";"Groupama - FDJ United";"Guillaume Martin"
"Pacher Quentin";"156,25";"133";"Groupama - FDJ United";"Quentin Pacher"
"Russo Clément";"156,25";"144";"Groupama - FDJ United";"Clément Russo"
"Alaphilippe Julian";"156,25";"59";"Tudor Pro Cycling Team";"Julian Alaphilippe"
"de Kleijn Arvid";"156,25";"88";"Tudor Pro Cycling Team";"Arvid de Kleijn"
"Haller Marco";"156,25";"107";"Tudor Pro Cycling Team";"Marco Haller"
"Hirschi Marc";"156,25";"112";"Tudor Pro Cycling Team";"Marc Hirschi"
"Pluimers Rick";"156,25";"139";"Tudor Pro Cycling Team";"Rick Pluimers"
"Storer Michael";"156,25";"152";"Tudor Pro Cycling Team";"Michael Storer"
"Trentin Matteo";"156,25";"159";"Tudor Pro Cycling Team";"Matteo Trentin"
"Voisard Yannis";"156,25";"180";"Tudor Pro Cycling Team";"Yannis Voisard"
"Jegat Jordan";"234,375";"56";"TotalEnergies";"Jordan Jegat"
"Breuillard Nicolas";"156,25";"79";"TotalEnergies";"Nicolas Breuillard"
"Delbove Joris";"156,25";"91";"TotalEnergies";"Joris Delbove"
"Delettre Alexandre";"156,25";"92";"TotalEnergies";"Alexandre Delettre"
"Guernalec Thibault";"156,25";"106";"TotalEnergies";"Thibault Guernalec"
"Le Berre Mathis";"156,25";"119";"TotalEnergies";"Mathis Le Berre"
"Turgis Anthony";"156,25";"160";"TotalEnergies";"Anthony Turgis"
"Vercher Mattéo";"156,25";"175";"TotalEnergies";"Mattéo Vercher"
"Barguil Warren";"156,25";"68";"Team Picnic PostNL";"Warren Barguil"
"Biesterbos Frits";"156,25";"76";"Team Picnic PostNL";"Frits Biesterbos"
"Bittner Pavel";"812,5";"20";"Team Picnic PostNL";"Pavel Bittner"
"Degenkolb John";"156,25";"90";"Team Picnic PostNL";"John Degenkolb"
"Dhondt Robbe";"156,25";"94";"Team Picnic PostNL";"Robbe Dhondt"
"Märkl Niklas";"156,25";"121";"Team Picnic PostNL";"Niklas Märkl"
"van den Berg Julius";"156,25";"165";"Team Picnic PostNL";"Julius van den Berg"
"van den Broek Frank";"156,25";"166";"Team Picnic PostNL";"Frank van den Broek"
"Gaviria Fernando";"312,5";"44";"Caja Rural - Seguros RGA";"Fernando Gaviria"
"Balderstone Abel";"156,25";"66";"Caja Rural - Seguros RGA";"Abel Balderstone"
"Berwick Sebastian";"156,25";"74";"Caja Rural - Seguros RGA";"Sebastian Berwick"
"Molenaar Alex (DNS #6)";"156";"184";"Caja Rural - Seguros RGA";"Alex Molenaar"
"Nicolau Joel";"156,25";"128";"Caja Rural - Seguros RGA";"Joel Nicolau"
"Oldani Stefano";"156,25";"130";"Caja Rural - Seguros RGA";"Stefano Oldani"
"Otruba Jakub";"156,25";"132";"Caja Rural - Seguros RGA";"Jakub Otruba"
"Parra José Félix";"156,25";"136";"Caja Rural - Seguros RGA";"José Félix Parra"
